{
  "code": "200",
  "msg": "",
  "data": {
    "result": [
      {
        "id": 23,
        "taskkey": "11",
        "taskname": "key-name",
        "companyname": "companyname_testxxxxxxxxxxxxxxxxxxxxxxxxxxxxxxxxxxxxxxxxxxxxxxxxxxxxxxxxxxxxxxxxx",
        "amount": 1999,
        "district": "district_testxxxxxxxxxxxxxxxxxxxxxxxxxxxxxxxxxxxxxxxxxxxxxxxxxxxxxxxxxxxxxxxxx",
        "process": "process_testxxxxxxxxxxxxxxxxxxxxxxxxxxxxxxxxxxxxxxxxxxxxxxxxxxxxxxxxxxxxxxxxx",
        "detaillist": "dataillist-testxxxxxxxxxxxxxxxxxxxxxxxxxxxxxxxxxxxxxxxxxxxxxxxxxxxxxxxxxxxxxxxxx",
        "remark": "remark_testxxxxxxxxxxxxxxxxxxxxxxxxxxxxxxxxxxxxxxxxxxxxxxxxxxxxxxxxxxxxxxxxx",
        "liableid": "liableid_testxxxxxxxxxxxxxxxxxxxxxxxxxxxxxxxxxxxxxxxxxxxxxxxxxxxxxxxxxxxxxxxxx",
        "liablename": "liablename_testxxxxxxxxxxxxxxxxxxxxxxxxxxxxxxxxxxxxxxxxxxxxxxxxxxxxxxxxxxxxxxxxx",
        "nextliableid": "nextid_testxxxxxxxxxxxxxxxxxxxxxxxxxxxxxxxxxxxxxxxxxxxxxxxxxxxxxxxxxxxxxxxxx",
        "nextliablename": "nextname_testxxxxxxxxxxxxxxxxxxxxxxxxxxxxxxxxxxxxxxxxxxxxxxxxxxxxxxxxxxxxxxxxx",
        "status": "0",
        "begindate": 1519291142000,
        "enddate": null,
        "issubmit": "0",
        "createtime": 1519291142000,
        "modifytime": 1519291142000,
        "createid": null,
        "createname": null
      },
      {
        "id": 14,
        "taskkey": "9",
        "taskname": "taskname-19",
        "companyname": "companyname-19",
        "amount": 8919,
        "district": null,
        "process": null,
        "detaillist": null,
        "remark": null,
        "liableid": null,
        "liablename": null,
        "nextliableid": null,
        "nextliablename": null,
        "status": "1",
        "begindate": null,
        "enddate": null,
        "issubmit": "1",
        "createtime": 1519285819000,
        "modifytime": 1519285819000,
        "createid": null,
        "createname": null
      },
      {
        "id": 10,
        "taskkey": "8",
        "taskname": "taskname-8",
        "companyname": "companyname-8",
        "amount": 8999,
        "district": null,
        "process": null,
        "detaillist": null,
        "remark": null,
        "liableid": null,
        "liablename": null,
        "nextliableid": null,
        "nextliablename": null,
        "status": "0",
        "begindate": null,
        "enddate": null,
        "issubmit": "0",
        "createtime": 1519285805000,
        "modifytime": 1519285805000,
        "createid": null,
        "createname": null
      },
      {
        "id": 9,
        "taskkey": "7",
        "taskname": "taskname-7",
        "companyname": "companyname-7",
        "amount": 7999,
        "district": null,
        "process": null,
        "detaillist": null,
        "remark": null,
        "liableid": null,
        "liablename": null,
        "nextliableid": null,
        "nextliablename": null,
        "status": "0",
        "begindate": null,
        "enddate": null,
        "issubmit": "0",
        "createtime": 1519285801000,
        "modifytime": 1519285801000,
        "createid": null,
        "createname": null
      },
      {
        "id": 19,
        "taskkey": "5",
        "taskname": "key-name",
        "companyname": "companyname_test",
        "amount": 1999,
        "district": "district_test",
        "process": "process_test",
        "detaillist": "dataillist-test",
        "remark": "remark_test",
        "liableid": "liableid_test",
        "liablename": "liablename_test",
        "nextliableid": "nextid_test",
        "nextliablename": "nextname_test",
        "status": "1",
        "begindate": null,
        "enddate": null,
        "issubmit": "1",
        "createtime": 1519285661000,
        "modifytime": 1519285661000,
        "createid": null,
        "createname": null
      },
      {
        "id": 18,
        "taskkey": "4",
        "taskname": "key-name",
        "companyname": "companyname_test",
        "amount": 1999,
        "district": "district_test",
        "process": "process_test",
        "detaillist": "dataillist-test",
        "remark": "remark_test",
        "liableid": "liableid_test",
        "liablename": "liablename_test",
        "nextliableid": "nextid_test",
        "nextliablename": "nextname_test",
        "status": "1",
        "begindate": null,
        "enddate": null,
        "issubmit": "1",
        "createtime": 1519285633000,
        "modifytime": 1519285633000,
        "createid": null,
        "createname": null
      },
      {
        "id": 17,
        "taskkey": "3",
        "taskname": "key-name",
        "companyname": "companyname_test",
        "amount": 1999,
        "district": "district_test",
        "process": "process_test",
        "detaillist": "dataillist-test",
        "remark": "remark_test",
        "liableid": "liableid_test",
        "liablename": "liablename_test",
        "nextliableid": "nextid_test",
        "nextliablename": "nextname_test",
        "status": "1",
        "begindate": null,
        "enddate": null,
        "issubmit": "1",
        "createtime": 1519285632000,
        "modifytime": 1519285632000,
        "createid": null,
        "createname": null
      },
      {
        "id": 16,
        "taskkey": "2",
        "taskname": "key-name",
        "companyname": "companyname_test",
        "amount": 1999,
        "district": "district_test",
        "process": "process_test",
        "detaillist": "dataillist-test",
        "remark": "remark_test",
        "liableid": "liableid_test",
        "liablename": "liablename_test",
        "nextliableid": "nextid_test",
        "nextliablename": "nextname_test",
        "status": "1",
        "begindate": null,
        "enddate": null,
        "issubmit": "1",
        "createtime": 1519285631000,
        "modifytime": 1519285631000,
        "createid": null,
        "createname": null
      },
      {
        "id": 15,
        "taskkey": "1",
        "taskname": "key-name-1",
        "companyname": "companyname_test-1",
        "amount": 1199,
        "district": "district_test-1",
        "process": "process_test-1",
        "detaillist": "dataillist-test-1",
        "remark": "remark_test-1",
        "liableid": "liableid_test-1",
        "liablename": "liablename_test-1",
        "nextliableid": "nextid_test-1",
        "nextliablename": "nextname_test-1",
        "status": "1",
        "begindate": null,
        "enddate": null,
        "issubmit": "1",
        "createtime": 1519285630000,
        "modifytime": 1519285630000,
        "createid": null,
        "createname": null
      },
      {
        "id": 6,
        "taskkey": "6",
        "taskname": "key-name",
        "companyname": "companyname_test",
        "amount": 6999,
        "district": "district_test",
        "process": "process_test",
        "detaillist": "dataillist-test",
        "remark": "remark_test",
        "liableid": "liableid_test",
        "liablename": "liablename_test",
        "nextliableid": "nextid_test",
        "nextliablename": "nextname_test",
        "status": "1",
        "begindate": null,
        "enddate": null,
        "issubmit": "1",
        "createtime": 1519268772000,
        "modifytime": 1519268772000,
        "createid": null,
        "createname": null
      }
    ],
    "total": 12
  }
}
