{
  "code": "200",
  "msg": "",
  "data": {
    "result": [
      {
        "id": 1,
        "username": "zhangsan@xxx.com",
        "realName": "张三",
        "password": "123456",
        "permission": 1
      },
      {
        "id": 2,
        "username": "lisi@xxx.com",
        "realName": "李四",
        "password": "123456",
        "permission": 2
      },
      {
        "id": 3,
        "username": "wangwu@xxx.com",
        "realName": "王五",
        "password": "123456",
        "permission": 1
      },
      {
        "id": 4,
        "username": "wangliu@xxx.com",
        "realName": "王六",
        "password": "123456",
        "permission": 2
      }
    ],
    "total": 3
  }
}
